[
    {
        "title": "Convert video or audio to another format",
        "command": "-i input output.xxx",
        "description": "Converts any media file (video or audio) to another format by specifying the output file extension.",
        "example": "-i input output.mpeg",
        "input_type": {
            "ts": "-i input.ts -vf yadif output.xxx",
            "vob": "-i input.vob -vf yadif output.xxx",
            "mxf": "-i input.mxf -pix_fmt yuv420p output.xxx"
        },
        "intent": "I want to convert my video or audio to another format."
    },
    {
        "title": "Compress video (reduce file size)",
        "command": "-i input -vf scale=trunc(iw/2)*2:trunc(ih/2)*2 -pix_fmt yuv420p -vcodec libx264 -crf 28 -preset medium -acodec aac -b:a 128k output",
        "description": "Compresses the video to balance quality and file size.",
        "example": "-i input -vf scale=trunc(iw/2)*2:trunc(ih/2)*2 -pix_fmt yuv420p -vcodec libx264 -crf 28 -preset medium -acodec aac -b:a 128k output",
        "input_type": {
            "ts": "-i input -map 0 -vf yadif,scale=trunc(iw/2)*2:trunc(ih/2)*2 -pix_fmt yuv420p -vcodec libx264 -crf 28 -preset medium -acodec aac -b:a 128k output",
            "vob": "-i input -map 0 -vf yadif,scale=trunc(iw/2)*2:trunc(ih/2)*2 -pix_fmt yuv420p -vcodec libx264 -crf 28 -preset medium -acodec aac -b:a 128k output",
            "mp4": "-i input -vf scale=trunc(iw/2)*2:trunc(ih/2)*2 -pix_fmt yuv420p -movflags +faststart -vcodec libx264 -crf 28 -preset medium -acodec aac -b:a 128k output",
            "mov": "-i input -vf scale=trunc(iw/2)*2:trunc(ih/2)*2 -pix_fmt yuv420p -movflags +faststart -vcodec libx265 -crf 28 -preset medium -tag:v hvc1 -acodec aac -b:a 128k output",
            "webm": "-i input -vf scale=trunc(iw/2)*2:trunc(ih/2)*2 -pix_fmt yuv420p -vcodec libvpx-vp9 -b:v 1M -acodec libopus -b:a 128k output"
        },
        "intent": "I want to compress my video to make it smaller / reduce its size while keeping good visual quality and compatibility."
    },
    {
        "title": "Lower video resolution",
        "command": "-i input -vf scale=1280:720 -c:a copy output",
        "description": "Downscales the video to a lower output width×height. Typical targets: 4K (3840×2160) → 1080p (1920×1080), 1080p (1920×1080) → 720p (1280×720), 480p (≈854×480 or 640×480) → 360p (640×360). Specify the desired output width and height explicitly in scale=W:H.",
        "example": "-i input -vf scale=1280:720 -c:a copy output",
        "input_type": {
            "ts": "-i input -vf yadif,scale=1280:720 -c:a copy output",
            "vob": "-i input -vf yadif,scale=1280:720 -c:a copy output"
        },
        "intent": "I want to reduce my video resolution to make it lighter or more compatible."
    },
    {
        "title": "Trim / cut video",
        "command": "-i input -ss 00:00:10 -to 00:00:20 -c copy output",
        "description": "Keeps only the segment between a start time (-ss) and an end time (-to). Times can be given as HH:MM:SS(.ms) or seconds. Example: start=00:00:10, end=00:00:20 keeps 10s of video.",
        "example": "-i input -ss 00:00:10 -to 00:00:20 -c copy output",
        "input_type": {
            "ts": "-ss 00:00:10 -to 00:00:20 -i input -c copy -copyts -muxpreload 0 -muxdelay 0 output",
            "vob": "-ss 00:00:10 -to 00:00:20 -i input -c copy -copyts -muxpreload 0 -muxdelay 0 output"
        },
        "intent": "I want to cut / trim my video to keep only a specific part between a start and end time."
    },
    {
        "title": "Rotate video (90°, 180°, 270°)",
        "command": "-i input -vf transpose=1 output",
        "description": "Rotates the video by a specific angle:\n- 90° clockwise → `-vf transpose=1`\n- 90° counterclockwise → `-vf transpose=2`\n- 180° → `-vf transpose=2,transpose=2`\n- 270° (same as 90° counterclockwise) → `-vf transpose=2`\n.",
        "example": "-i input -vf transpose=2,transpose=2 output",
        "input_type": {
            "mp4": "-i input -metadata:s:v:0 rotate=90 -codec copy output",
            "mov": "-i input -metadata:s:v:0 rotate=90 -codec copy output"
        },
        "intent": "I want to rotate my video by 90°, 180°, or 270°, either clockwise or counterclockwise."
    },
    {
        "title": "Scale video to specific dimensions",
        "command": "-i input -vf scale=640: 480 output",
        "description": "Resizes the video to an exact width and height.",
        "example": "-i input -vf scale=640: 480 output",
        "input_type": {
            "ts": "-i input -vf yadif,scale=640: 480 output",
            "vob": "-i input -vf yadif,scale=640: 480 output"
        },
        "intent": "I want to resize my video to specific dimensions."
    },
    {
        "title": "Crop video region",
        "command": "-i input -filter:v crop=640: 360: 0: 0 output",
        "description": "Crops the video to a defined rectangle (width:height:x:y) to keep only the desired area.",
        "example": "-i input -filter:v crop=640: 360: 0: 0 output",
        "input_type": {
            "ts": "-i input -filter:v yadif,crop=640: 360: 0: 0 output",
            "vob": "-i input -filter:v yadif,crop=640: 360: 0: 0 output"
        },
        "intent": "I want to crop my video to keep only a selected area."
    },
    {
        "title": "Black and white effect",
        "command": "-i input -vf format=gray output",
        "description": "Converts the video to grayscale (black and white) for a monochrome look.",
        "example": "-i input -vf format=gray output",
        "input_type": {},
        "intent": "I want to turn my video into black and white."
    }
]